{
  "total_revenue": 11175480.3843,
  "revenue_mom_pct": -29.399895017067646,
  "average_order_value": 457.3798701379173,
  "customer_churn_rate": 0.33310281235592437,
  "employee_attrition_rate": 0.16122448979591836
}